/*CHEFS*/

INSERT INTO XEF(ID_XEF,NOM_XEF,NUM_ESTRELLES)
VALUES(XEF_ID_SEQ.NEXTVAL,'Antone',3);

INSERT INTO XEF(ID_XEF,NOM_XEF,NUM_ESTRELLES)
VALUES(XEF_ID_SEQ.NEXTVAL,'Maria',4);

INSERT INTO XEF(ID_XEF,NOM_XEF,NUM_ESTRELLES)
VALUES(XEF_ID_SEQ.NEXTVAL,'Juan',5);

INSERT INTO XEF(ID_XEF,NOM_XEF,NUM_ESTRELLES)
VALUES(XEF_ID_SEQ.NEXTVAL,'Pedro',2);

INSERT INTO XEF(ID_XEF,NOM_XEF,NUM_ESTRELLES)
VALUES(XEF_ID_SEQ.NEXTVAL,'Angela',5);

INSERT INTO XEF(ID_XEF,NOM_XEF,NUM_ESTRELLES)
VALUES(XEF_ID_SEQ.NEXTVAL,'David',1);


INSERT INTO XEF(ID_XEF,NOM_XEF,NUM_ESTRELLES)
VALUES(XEF_ID_SEQ.NEXTVAL,'Roger',5);

/*RECEPTA*/
INSERT INTO RECEPTA(ID_RECEPTA,ID_XEF,NOM_RECEPTA,CALORIES_PERS,COMENSALS,CATEGORIA,TEMPS_PREPARACIO,DIFICULTAT)
VALUES (RECEPTA_ID_SEQ.NEXTVAL,1,'Omelet',100,4,'Huevos',2,3);

INSERT INTO RECEPTA(ID_RECEPTA,ID_XEF,NOM_RECEPTA,CALORIES_PERS,COMENSALS,CATEGORIA,TEMPS_PREPARACIO,DIFICULTAT)
VALUES (RECEPTA_ID_SEQ.NEXTVAL,1,'Guisaldo',400,2,'Carnes',3,3);

INSERT INTO RECEPTA(ID_RECEPTA,ID_XEF,NOM_RECEPTA,CALORIES_PERS,COMENSALS,CATEGORIA,TEMPS_PREPARACIO,DIFICULTAT)
VALUES (RECEPTA_ID_SEQ.NEXTVAL,2,'Paella',500,4,'Arroces',45,2);

INSERT INTO RECEPTA(ID_RECEPTA,ID_XEF,NOM_RECEPTA,CALORIES_PERS,COMENSALS,CATEGORIA,TEMPS_PREPARACIO,DIFICULTAT)
VALUES (RECEPTA_ID_SEQ.NEXTVAL,3,'Sopa Tomate',150,4,'Sopas',6,2);

INSERT INTO RECEPTA(ID_RECEPTA,ID_XEF,NOM_RECEPTA,CALORIES_PERS,COMENSALS,CATEGORIA,TEMPS_PREPARACIO,DIFICULTAT)
VALUES (RECEPTA_ID_SEQ.NEXTVAL,4,'Crepes',270,4,'Postres',74,2);

INSERT INTO RECEPTA(ID_RECEPTA,ID_XEF,NOM_RECEPTA,CALORIES_PERS,COMENSALS,CATEGORIA,TEMPS_PREPARACIO,DIFICULTAT)
VALUES (RECEPTA_ID_SEQ.NEXTVAL,4,'Carne Tierna',400,3,'Carnes',24,1);

INSERT INTO RECEPTA(ID_RECEPTA,ID_XEF,NOM_RECEPTA,CALORIES_PERS,COMENSALS,CATEGORIA,TEMPS_PREPARACIO,DIFICULTAT)
VALUES (RECEPTA_ID_SEQ.NEXTVAL,1,'Carne Porcina Especial',300,4,'Carnes',5,1);

INSERT INTO RECEPTA(ID_RECEPTA,ID_XEF,NOM_RECEPTA,CALORIES_PERS,COMENSALS,CATEGORIA,TEMPS_PREPARACIO,DIFICULTAT)
VALUES (RECEPTA_ID_SEQ.NEXTVAL,1,'Asado',400,3,'Carnes',6,3);

INSERT INTO RECEPTA(ID_RECEPTA,ID_XEF,NOM_RECEPTA,CALORIES_PERS,COMENSALS,CATEGORIA,TEMPS_PREPARACIO,DIFICULTAT)
VALUES (RECEPTA_ID_SEQ.NEXTVAL,2,'Helado',330,4,'Postres',123,3);

INSERT INTO RECEPTA(ID_RECEPTA,ID_XEF,NOM_RECEPTA,CALORIES_PERS,COMENSALS,CATEGORIA,TEMPS_PREPARACIO,DIFICULTAT)
VALUES (RECEPTA_ID_SEQ.NEXTVAL,5,'Pollo al Cava',230,3,'Carnes',80,5);

INSERT INTO RECEPTA(ID_RECEPTA,ID_XEF ,NOM_RECEPTA,CALORIES_PERS,COMENSALS,CATEGORIA,TEMPS_PREPARACIO,DIFICULTAT)
VALUES (RECEPTA_ID_SEQ.NEXTVAL,6,'Arroz Negro',340,4,'Arroces',120,10);

INSERT INTO RECEPTA(ID_RECEPTA,ID_XEF ,NOM_RECEPTA,CALORIES_PERS,COMENSALS,CATEGORIA,TEMPS_PREPARACIO,DIFICULTAT)
VALUES (RECEPTA_ID_SEQ.NEXTVAL,7,'Flan',100,3,'Postres',30,2);





/*INGREDIENTES*/

INSERT INTO INGREDIENT (ID_ING,NOM_INGREDIENT,TIPUS)
VALUES(ingredient_id_seq.NEXTVAL,'tomate','Vegetal');/*el tomate también puede ser una fruta*/

INSERT INTO INGREDIENT (ID_ING,NOM_INGREDIENT,TIPUS)
VALUES(ingredient_id_seq.NEXTVAL,'huevo','Huevo');

INSERT INTO INGREDIENT (ID_ING,NOM_INGREDIENT,TIPUS)
VALUES(ingredient_id_seq.NEXTVAL,'leche','Lacteo');

INSERT INTO INGREDIENT (ID_ING,NOM_INGREDIENT,TIPUS)
VALUES(ingredient_id_seq.NEXTVAL,'carne vacuna','Vacuno');

INSERT INTO INGREDIENT (ID_ING,NOM_INGREDIENT,TIPUS)
VALUES(ingredient_id_seq.NEXTVAL,'queso','Lacteo');

INSERT INTO INGREDIENT (ID_ING,NOM_INGREDIENT,TIPUS)
VALUES(ingredient_id_seq.NEXTVAL,'pollo','Ave');

INSERT INTO INGREDIENT (ID_ING,NOM_INGREDIENT,TIPUS)
VALUES(ingredient_id_seq.NEXTVAL,'carne porcina','Porcino');

INSERT INTO INGREDIENT (ID_ING,NOM_INGREDIENT,TIPUS)
VALUES(ingredient_id_seq.NEXTVAL,'arroz','Arroz');

INSERT INTO INGREDIENT (ID_ING,NOM_INGREDIENT,TIPUS)
VALUES(ingredient_id_seq.NEXTVAL,'fetuccini','Pasta');

INSERT INTO INGREDIENT (ID_ING,NOM_INGREDIENT,TIPUS)
VALUES(ingredient_id_seq.NEXTVAL,'nata liquida','Lacteo');

INSERT INTO INGREDIENT (ID_ING,NOM_INGREDIENT,TIPUS)
VALUES(ingredient_id_seq.NEXTVAL,'nata p/montar','Lacteo');

INSERT INTO INGREDIENT (ID_ING,NOM_INGREDIENT,TIPUS)
VALUES(ingredient_id_seq.NEXTVAL,'azucar blanco','Azucar');

INSERT INTO INGREDIENT (ID_ING,NOM_INGREDIENT,TIPUS)
VALUES(ingredient_id_seq.NEXTVAL,'azucar moreno','Azucar');

INSERT INTO INGREDIENT (ID_ING,NOM_INGREDIENT,TIPUS)
VALUES(ingredient_id_seq.NEXTVAL,'vainilla','Vegetal');

INSERT INTO INGREDIENT (ID_ING,NOM_INGREDIENT,TIPUS)
VALUES(ingredient_id_seq.NEXTVAL,'coliflor','Vegetal');

INSERT INTO INGREDIENT (ID_ING,NOM_INGREDIENT,TIPUS)
VALUES(ingredient_id_seq.NEXTVAL,'manzana','Fruta');

INSERT INTO INGREDIENT (ID_ING,NOM_INGREDIENT,TIPUS)
VALUES(ingredient_id_seq.NEXTVAL,'caramelo fundido','Azucar');

INSERT INTO INGREDIENT (ID_ING,NOM_INGREDIENT,TIPUS)
VALUES(ingredient_id_seq.NEXTVAL,'tableta de chocolate','Chocolate');


/*USUARIOS*/

INSERT INTO USUARI (ID_USUARI,NOM_USUARI,CORREU_ELECTRONIC,PASSWORD)
VALUES(usuari_id_seq.NEXTVAL,'Pere','pere@hotmail.com',12345678);

INSERT INTO USUARI (ID_USUARI,NOM_USUARI,CORREU_ELECTRONIC,PASSWORD)
VALUES(usuari_id_seq.NEXTVAL,'Marcela','marcela@hotmail.com',23456789);

INSERT INTO USUARI (ID_USUARI,NOM_USUARI,CORREU_ELECTRONIC,PASSWORD)
VALUES(usuari_id_seq.NEXTVAL,'Franca','franca@hotmail.com',34567890);

INSERT INTO USUARI (ID_USUARI,NOM_USUARI,CORREU_ELECTRONIC,PASSWORD)
VALUES(usuari_id_seq.NEXTVAL,'Ali','ali@hotmail.com',45678901);

INSERT INTO USUARI (ID_USUARI,NOM_USUARI,CORREU_ELECTRONIC,PASSWORD)
VALUES(usuari_id_seq.NEXTVAL,'John','john@hotmail.com',5678901);

INSERT INTO USUARI (ID_USUARI,NOM_USUARI,CORREU_ELECTRONIC,PASSWORD)
VALUES(usuari_id_seq.NEXTVAL,'Gerard','gerard@hotmail.com',7878991);

INSERT INTO USUARI (ID_USUARI,NOM_USUARI,CORREU_ELECTRONIC,PASSWORD)
VALUES(usuari_id_seq.NEXTVAL,'Daniel','daniel@hotmail.com',707399);

INSERT INTO USUARI (ID_USUARI,NOM_USUARI,CORREU_ELECTRONIC,PASSWORD)
VALUES(usuari_id_seq.NEXTVAL,'Jose','jose@hotmail.com',6507393);

/*VALORA los usuarios valoran las recetas*/
INSERT INTO VALORA(ID_USUARI,ID_RECEPTA,VALORACIO)
VALUES(1,1,4);

INSERT INTO VALORA(ID_USUARI,ID_RECEPTA,VALORACIO)
VALUES(1,2,2);

INSERT INTO VALORA(ID_USUARI,ID_RECEPTA,VALORACIO)
VALUES(2,1,4);

INSERT INTO VALORA(ID_USUARI,ID_RECEPTA,VALORACIO)
VALUES(2,3,5);

INSERT INTO VALORA(ID_USUARI,ID_RECEPTA,VALORACIO)
VALUES(4,4,5);

INSERT INTO VALORA(ID_USUARI,ID_RECEPTA,VALORACIO)
VALUES(5,4,5);

INSERT INTO VALORA(ID_USUARI,ID_RECEPTA,VALORACIO)
VALUES(3,8,3);

INSERT INTO VALORA(ID_USUARI,ID_RECEPTA,VALORACIO)
VALUES(6,5,5);

INSERT INTO VALORA(ID_USUARI,ID_RECEPTA,VALORACIO)
VALUES(6,10,5);

INSERT INTO VALORA(ID_USUARI,ID_RECEPTA,VALORACIO)
VALUES(8,6,3);

/*ALLERGEN*/

INSERT INTO ALLERGEN(ID_ALLERGEN,NOM_ALLERGEN)
VALUES(1,'Lactics');

INSERT INTO ALLERGEN(ID_ALLERGEN,NOM_ALLERGEN)
VALUES(2,'Gluten');

INSERT INTO ALLERGEN(ID_ALLERGEN,NOM_ALLERGEN)
VALUES(3,'Ovids');

INSERT INTO ALLERGEN(ID_ALLERGEN,NOM_ALLERGEN)
VALUES(4,'Polen');

INSERT INTO ALLERGEN(ID_ALLERGEN,NOM_ALLERGEN)
VALUES(5,'Súlfits');

INSERT INTO ALLERGEN(ID_ALLERGEN,NOM_ALLERGEN)
VALUES(6,'Fruits Secs');

INSERT INTO ALLERGEN(ID_ALLERGEN,NOM_ALLERGEN)
VALUES(7,'Sesamo');

INSERT INTO ALLERGEN(ID_ALLERGEN,NOM_ALLERGEN)
VALUES(8,'Pescado');

INSERT INTO ALLERGEN(ID_ALLERGEN,NOM_ALLERGEN)
VALUES(9,'Soja');

INSERT INTO ALLERGEN(ID_ALLERGEN,NOM_ALLERGEN)
VALUES(10,'Apio');

/*PRESENTA allergenos presentes en la receta*/

INSERT INTO PRESENTA(ID_ALLERGEN,ID_RECEPTA)
VALUES(1,12);

INSERT INTO PRESENTA(ID_ALLERGEN,ID_RECEPTA)
VALUES(2,5);

INSERT INTO PRESENTA(ID_ALLERGEN,ID_RECEPTA)
VALUES(2,3);


/*CONSTA ingrediente que estan en la receta*/
INSERT INTO CONSTA(ID_RECEPTA,ID_ING,QUANTITAT,UNITAT_DE_MESURA)
VALUES(1,2,200,'gr');

INSERT INTO CONSTA(ID_RECEPTA,ID_ING,QUANTITAT,UNITAT_DE_MESURA)
VALUES(1,3,100,'ml');

INSERT INTO CONSTA(ID_RECEPTA,ID_ING,QUANTITAT,UNITAT_DE_MESURA)
VALUES(2,4,50,'gr');

INSERT INTO CONSTA(ID_RECEPTA,ID_ING,QUANTITAT,UNITAT_DE_MESURA)
VALUES(2,1,70,'gr');

INSERT INTO CONSTA(ID_RECEPTA,ID_ING,QUANTITAT,UNITAT_DE_MESURA)
VALUES(3,6,100,'ml');

INSERT INTO CONSTA(ID_RECEPTA,ID_ING,QUANTITAT,UNITAT_DE_MESURA)
VALUES(3,1,150,'ml');

INSERT INTO CONSTA(ID_RECEPTA,ID_ING,QUANTITAT,UNITAT_DE_MESURA)
VALUES(5,1,200,'gr');

INSERT INTO CONSTA(ID_RECEPTA,ID_ING,QUANTITAT,UNITAT_DE_MESURA)
VALUES(5,3,100,'gr');

INSERT INTO CONSTA(ID_RECEPTA,ID_ING,QUANTITAT,UNITAT_DE_MESURA)
VALUES(6,3,50,'ml');

INSERT INTO CONSTA(ID_RECEPTA,ID_ING,QUANTITAT,UNITAT_DE_MESURA)
VALUES(6,2,100,'gr');

INSERT INTO CONSTA(ID_RECEPTA,ID_ING,QUANTITAT,UNITAT_DE_MESURA)
VALUES(4,4,10,'gr');

INSERT INTO CONSTA(ID_RECEPTA,ID_ING,QUANTITAT,UNITAT_DE_MESURA)
VALUES(7,7,200,'gr');

INSERT INTO CONSTA(ID_RECEPTA,ID_ING,QUANTITAT,UNITAT_DE_MESURA)
VALUES(8,4,400,'gr');

INSERT INTO CONSTA(ID_RECEPTA,ID_ING,QUANTITAT,UNITAT_DE_MESURA)
VALUES(8,1,100,'gr');

INSERT INTO CONSTA(ID_RECEPTA,ID_ING,QUANTITAT,UNITAT_DE_MESURA)
VALUES(7,1,50,'gr');

INSERT INTO CONSTA(ID_RECEPTA,ID_ING,QUANTITAT,UNITAT_DE_MESURA)
VALUES(9,14,1,'unidad');

INSERT INTO CONSTA(ID_RECEPTA,ID_ING,QUANTITAT,UNITAT_DE_MESURA)
VALUES(9,11,500,'ml');

INSERT INTO CONSTA(ID_RECEPTA,ID_ING,QUANTITAT,UNITAT_DE_MESURA)
VALUES(9,12,200,'gr');

INSERT INTO CONSTA(ID_RECEPTA,ID_ING,QUANTITAT,UNITAT_DE_MESURA)
VALUES(3,8,500,'gr');

INSERT INTO CONSTA(ID_RECEPTA,ID_ING,QUANTITAT,UNITAT_DE_MESURA)
VALUES(10,6,500,'gr');

INSERT INTO CONSTA(ID_RECEPTA,ID_ING,QUANTITAT,UNITAT_DE_MESURA)
VALUES(11,8,450,'gr');

INSERT INTO CONSTA(ID_RECEPTA,ID_ING,QUANTITAT,UNITAT_DE_MESURA)
VALUES(12,2,200,'gr');


/*ESDESVENIMENT*/
INSERT INTO ESDEVENIMENT (NOM_ESDEVENIMENT,UBICACIO,DATA_ESDEVENIMENT,MAX_PARTICIPANTS)
VALUES('VI Concurso Masterchef','Hospitalet del Llobregat, Barcelona',TO_DATE('06-04-2021','DD-MM-YYYY'),500);

INSERT INTO ESDEVENIMENT (NOM_ESDEVENIMENT,UBICACIO,DATA_ESDEVENIMENT,MAX_PARTICIPANTS)
VALUES('VII Concurso Masterchef','Sant Feliu, Barcelona',TO_DATE('10-07-2021','DD-MM-YYYY'),500);

INSERT INTO ESDEVENIMENT (NOM_ESDEVENIMENT,UBICACIO,DATA_ESDEVENIMENT,MAX_PARTICIPANTS)
VALUES('I ShowCoking','Sant Feliu, Barcelona',TO_DATE('20-05-2021','DD-MM-YYYY'),500);

INSERT INTO ESDEVENIMENT (NOM_ESDEVENIMENT,UBICACIO,DATA_ESDEVENIMENT,MAX_PARTICIPANTS)
VALUES('II ShowCoking','Cornella, Barcelona',TO_DATE('20-05-2021','DD-MM-YYYY'),100);

INSERT INTO ESDEVENIMENT (NOM_ESDEVENIMENT,UBICACIO,DATA_ESDEVENIMENT,MAX_PARTICIPANTS)
VALUES('III ShowCoking','Sant Joan Despí, Barcelona',TO_DATE('20-05-2021','DD-MM-YYYY'),100);




/*INSCRIU usuarios que estan inscritos en el esdeveniment*/
INSERT INTO INSCRIU (ID_USUARI,NOM_ESDEVENIMENT,UBICACIO,DATA_ESDEVENIMENT,DATA_DE_INSCRIPCIO)
VALUES(1,'VI Concurso Masterchef','Hospitalet del Llobregat, Barcelona',TO_DATE('06-04-2021','DD-MM-YYYY'),SYSDATE);

INSERT INTO INSCRIU (ID_USUARI,NOM_ESDEVENIMENT,UBICACIO,DATA_ESDEVENIMENT,DATA_DE_INSCRIPCIO)
VALUES(2,'VI Concurso Masterchef','Hospitalet del Llobregat, Barcelona',TO_DATE('06-04-2021','DD-MM-YYYY'),SYSDATE);

INSERT INTO INSCRIU (ID_USUARI,NOM_ESDEVENIMENT,UBICACIO,DATA_ESDEVENIMENT,DATA_DE_INSCRIPCIO)
VALUES(3,'VI Concurso Masterchef','Hospitalet del Llobregat, Barcelona',TO_DATE('06-04-2021','DD-MM-YYYY'),SYSDATE);

INSERT INTO INSCRIU (ID_USUARI,NOM_ESDEVENIMENT,UBICACIO,DATA_ESDEVENIMENT,DATA_DE_INSCRIPCIO)
VALUES(4,'VII Concurso Masterchef','Sant Feliu, Barcelona',TO_DATE('10-07-2021','DD-MM-YYYY'),SYSDATE);


INSERT INTO INSCRIU (ID_USUARI,NOM_ESDEVENIMENT,UBICACIO,DATA_ESDEVENIMENT,DATA_DE_INSCRIPCIO)
VALUES(5,'VII Concurso Masterchef','Sant Feliu, Barcelona',TO_DATE('10-07-2021','DD-MM-YYYY'),SYSDATE);


INSERT INTO INSCRIU (ID_USUARI,NOM_ESDEVENIMENT,UBICACIO,DATA_ESDEVENIMENT,DATA_DE_INSCRIPCIO)
VALUES(6,'VII Concurso Masterchef','Sant Feliu, Barcelona',TO_DATE('10-07-2021','DD-MM-YYYY'),SYSDATE);

INSERT INTO INSCRIU (ID_USUARI,NOM_ESDEVENIMENT,UBICACIO,DATA_ESDEVENIMENT,DATA_DE_INSCRIPCIO)
VALUES(7,'I ShowCoking','Sant Feliu, Barcelona',TO_DATE('20-05-2021','DD-MM-YYYY'),SYSDATE);


/*PARTICIPA*/
INSERT INTO PARTICIPA(ID_XEF,NOM_ESDEVENIMENT,UBICACIO,DATA_ESDEVENIMENT,TARIFA)
VALUES(1,'I ShowCoking','Sant Feliu, Barcelona',TO_DATE('20-05-2021','DD-MM-YYYY'),1000);

INSERT INTO PARTICIPA(ID_XEF,NOM_ESDEVENIMENT,UBICACIO,DATA_ESDEVENIMENT,TARIFA)
VALUES(2,'I ShowCoking','Sant Feliu, Barcelona',TO_DATE('20-05-2021','DD-MM-YYYY'),1500);

INSERT INTO PARTICIPA(ID_XEF,NOM_ESDEVENIMENT,UBICACIO,DATA_ESDEVENIMENT,TARIFA)
VALUES(3,'VII Concurso Masterchef','Sant Feliu, Barcelona',TO_DATE('10-07-2021','DD-MM-YYYY'),1200);

INSERT INTO PARTICIPA(ID_XEF,NOM_ESDEVENIMENT,UBICACIO,DATA_ESDEVENIMENT,TARIFA)
VALUES(4,'VII Concurso Masterchef','Sant Feliu, Barcelona',TO_DATE('10-07-2021','DD-MM-YYYY'),1200);

INSERT INTO PARTICIPA(ID_XEF,NOM_ESDEVENIMENT,UBICACIO,DATA_ESDEVENIMENT,TARIFA)
VALUES(5,'VI Concurso Masterchef','Hospitalet del Llobregat, Barcelona',TO_DATE('06-04-2021','DD-MM-YYYY'),1350);

INSERT INTO PARTICIPA(ID_XEF,NOM_ESDEVENIMENT,UBICACIO,DATA_ESDEVENIMENT,TARIFA)
VALUES(6,'VI Concurso Masterchef','Hospitalet del Llobregat, Barcelona',TO_DATE('06-04-2021','DD-MM-YYYY'),1350);

INSERT INTO PARTICIPA(ID_XEF,NOM_ESDEVENIMENT,UBICACIO,DATA_ESDEVENIMENT,TARIFA)
VALUES(7,'VI Concurso Masterchef','Hospitalet del Llobregat, Barcelona',TO_DATE('06-04-2021','DD-MM-YYYY'),1350);

/*CONCURS*/
INSERT INTO CONCURS(NOM_ESDEVENIMENT,UBICACIO,DATA_ESDEVENIMENT,NIVELL)
VALUES('VI Concurso Masterchef','Hospitalet del Llobregat, Barcelona',TO_DATE('06-04-2021','DD-MM-YYYY'),4);

INSERT INTO CONCURS(NOM_ESDEVENIMENT,UBICACIO,DATA_ESDEVENIMENT,NIVELL)
VALUES('VII Concurso Masterchef','Sant Feliu, Barcelona',TO_DATE('10-07-2021','DD-MM-YYYY'),7);

/*CONCURSA los xef concursan y los usuarios les ponen notas*/
INSERT INTO CONCURSA(NOTA,ID_USUARI,ID_XEF,NOM_ESDEVENIMENT,UBICACIO,DATA_ESDEVENIMENT)
VALUES(8,1,6,'VI Concurso Masterchef','Hospitalet del Llobregat, Barcelona',TO_DATE('06-04-2021','DD-MM-YYYY'));

INSERT INTO CONCURSA(NOTA,ID_USUARI,ID_XEF,NOM_ESDEVENIMENT,UBICACIO,DATA_ESDEVENIMENT)
VALUES(7,1,5,'VI Concurso Masterchef','Hospitalet del Llobregat, Barcelona',TO_DATE('06-04-2021','DD-MM-YYYY'));

INSERT INTO CONCURSA(NOTA,ID_USUARI,ID_XEF,NOM_ESDEVENIMENT,UBICACIO,DATA_ESDEVENIMENT)
VALUES(10,3,5,'VI Concurso Masterchef','Hospitalet del Llobregat, Barcelona',TO_DATE('06-04-2021','DD-MM-YYYY'));

INSERT INTO CONCURSA(NOTA,ID_USUARI,ID_XEF,NOM_ESDEVENIMENT,UBICACIO,DATA_ESDEVENIMENT)
VALUES(9,2,7,'VI Concurso Masterchef','Hospitalet del Llobregat, Barcelona',TO_DATE('06-04-2021','DD-MM-YYYY'));

/*SHOWCOOKING
EXISTEN 4 TIPOS DE BUFFET:
	- SERVICIO A LA ASISTIDO
	- ASISTIDO
	- AUTOSERVICIO
	- DEGUSTACION*/

INSERT INTO SHOWCOOKING (CODI_SESSIO,TIPUS_BUFFET,NOM_ESDEVENIMENT,UBICACIO,DATA_ESDEVENIMENT)
VALUES (1,'autoservicio','I ShowCoking','Sant Feliu, Barcelona',TO_DATE('20-05-2021','DD-MM-YYYY'));

INSERT INTO SHOWCOOKING (CODI_SESSIO,TIPUS_BUFFET,NOM_ESDEVENIMENT,UBICACIO,DATA_ESDEVENIMENT)
VALUES (2,'autoservicio','I ShowCoking','Sant Feliu, Barcelona',TO_DATE('20-05-2021','DD-MM-YYYY'));

INSERT INTO SHOWCOOKING (CODI_SESSIO ,TIPUS_BUFFET,NOM_ESDEVENIMENT,UBICACIO,DATA_ESDEVENIMENT)
VALUES (1,'degustacion', 'II ShowCoking','Cornella, Barcelona',TO_DATE('20-05-2021','DD-MM-YYYY'));

INSERT INTO SHOWCOOKING (CODI_SESSIO ,TIPUS_BUFFET,NOM_ESDEVENIMENT,UBICACIO,DATA_ESDEVENIMENT)
VALUES (2,'degustacion', 'II ShowCoking','Cornella, Barcelona',TO_DATE('20-05-2021','DD-MM-YYYY'));

INSERT INTO SHOWCOOKING (CODI_SESSIO ,TIPUS_BUFFET,NOM_ESDEVENIMENT,UBICACIO,DATA_ESDEVENIMENT)
VALUES (1,'asistido', 'III ShowCoking','Sant Joan Despí, Barcelona',TO_DATE('20-05-2021','DD-MM-YYYY'));


/*SESSIO CADA SHOW COOKING TIENE ENTRE 1 0 2 SESSIONES*/
INSERT INTO SESSIO (CODI_SESSIO,MATI_TARDA,DURADA,NOM_ESDEVENIMENT,UBICACIO,DATA_ESDEVENIMENT)
VALUES (1,'Mati','5horas','I ShowCoking','Sant Feliu, Barcelona',TO_DATE('20-05-2021','DD-MM-YYYY'));

INSERT INTO SESSIO (CODI_SESSIO,MATI_TARDA,DURADA,NOM_ESDEVENIMENT,UBICACIO,DATA_ESDEVENIMENT)
VALUES (1,'Mati','5horas','II ShowCoking','Cornella, Barcelona',TO_DATE('20-05-2021','DD-MM-YYYY'));

INSERT INTO SESSIO (CODI_SESSIO,MATI_TARDA,DURADA,NOM_ESDEVENIMENT,UBICACIO,DATA_ESDEVENIMENT)
VALUES (1,'MATI','5horas','III ShowCoking','Sant Joan Despí, Barcelona',TO_DATE('20-05-2021','DD-MM-YYYY'));

INSERT INTO SESSIO (CODI_SESSIO,MATI_TARDA,DURADA,NOM_ESDEVENIMENT,UBICACIO,DATA_ESDEVENIMENT)
VALUES (2,'Tarda','5horas','I ShowCoking','Sant Feliu, Barcelona',TO_DATE('20-05-2021','DD-MM-YYYY'));

INSERT INTO SESSIO (CODI_SESSIO,MATI_TARDA,DURADA,NOM_ESDEVENIMENT,UBICACIO,DATA_ESDEVENIMENT)
VALUES (2,'Tarda','5horas','II ShowCoking','Cornella, Barcelona',TO_DATE('20-05-2021','DD-MM-YYYY'));

